<?xml version="1.0" encoding="UTF-8"?>
<project-private xmlns="http://www.netbeans.org/ns/project-private/1">
    <editor-bookmarks xmlns="http://www.netbeans.org/ns/editor-bookmarks/2" lastBookmarkId="0"/>
    <open-files xmlns="http://www.netbeans.org/ns/projectui-open-files/2">
        <group>
            <file>file:/C:/Users/ACER/Dropbox/PC/Documents/NetBeansProjects/TugasPBO-main/MoviesD/src/koneksi/connector.java</file>
            <file>file:/C:/Users/ACER/Dropbox/PC/Documents/NetBeansProjects/TugasPBO-main/MoviesD/src/view/aFilm.java</file>
            <file>file:/C:/Users/ACER/Dropbox/PC/Documents/NetBeansProjects/TugasPBO-main/MoviesD/src/model/datamovie.java</file>
            <file>file:/C:/Users/ACER/Dropbox/PC/Documents/NetBeansProjects/TugasPBO-main/MoviesD/src/model/modeltabeldatamovie.java</file>
            <file>file:/C:/Users/ACER/Dropbox/PC/Documents/NetBeansProjects/TugasPBO-main/MoviesD/src/DAOImplements/datamoviesDimplement.java</file>
            <file>file:/C:/Users/ACER/Dropbox/PC/Documents/NetBeansProjects/TugasPBO-main/MoviesD/src/controller/datamoviecontroller.java</file>
            <file>file:/C:/Users/ACER/Dropbox/PC/Documents/NetBeansProjects/TugasPBO-main/MoviesD/src/view/MainView1.java</file>
            <file>file:/C:/Users/ACER/Dropbox/PC/Documents/NetBeansProjects/TugasPBO-main/MoviesD/src/DAOdatamovie/datamovieDAO.java</file>
        </group>
    </open-files>
</project-private>
